class_fqn,param_precision,param_recall,return_precision,return_recall,throws_precision,throws_recall,overall_precision,overall_recall,overall_f1
ArrayStack,0.1107837360047142,0.7966101694915254,0.007662835249042145,0.10526315789473684,0.5451851851851852,0.8269662921348314,0.15392983410388905,0.729381443298969,
