class_fqn,param_precision,param_recall,return_precision,return_recall,throws_precision,throws_recall,overall_precision,overall_recall,overall_f1
ArrayStack,0.08264462809917356,0.7851239669421488,0.00851063829787234,0.10144927536231885,0.5165562913907285,0.826271186440678,0.1264098744413705,0.6971830985915493,
