class_fqn,param_precision,param_recall,return_precision,return_recall,throws_precision,throws_recall,overall_precision,overall_recall,overall_f1
BuildingType,1.0,1.0,1.0,0.9473684210526315,,,1.0,0.9705882352941176,
Feature,1.0,1.0,1.0,1.0,,,1.0,1.0,
IndianNationType,1.0,1.0,1.0,1.0,,,1.0,1.0,
ActivePredicate,,,,0.0,,,,0.0,
Player,0.9922480620155039,1.0,0.9743589743589743,0.9806451612903225,1.0,1.0,0.9825783972125436,0.9894736842105263,
UnitLocation,1.0,1.0,1.0,0.9230769230769231,,,1.0,0.9615384615384616,
Unit,0.9925373134328358,1.0,0.9433962264150944,0.9554140127388535,1.0,0.6666666666666666,0.9663299663299664,0.9695945945945946,
