class_fqn,param_precision,param_recall,return_precision,return_recall,throws_precision,throws_recall,overall_precision,overall_recall,overall_f1
CharMatcher,1.0,0.975609756097561,0.9572649572649573,0.9655172413793104,0.9629629629629629,0.9285714285714286,0.9798994974874372,0.9629629629629629,
