class_fqn,param_precision,param_recall,return_precision,return_recall,throws_precision,throws_recall,overall_precision,overall_recall,overall_f1
CharMatcher,0.965,0.9414634146341463,0.9572649572649573,0.9655172413793104,0.8641975308641975,0.8333333333333334,0.9422110552763819,0.9259259259259259,
