class_fqn,param_precision,param_recall,return_precision,return_recall,throws_precision,throws_recall,overall_precision,overall_recall,overall_f1
ArrayStack,0.08613617719442165,0.8677685950413223,0.001948051948051948,0.021739130434782608,0.4281150159744409,0.5677966101694916,0.10447437011294526,0.5645539906103286,
