class_fqn,param_precision,param_recall,return_precision,return_recall,throws_precision,throws_recall,overall_precision,overall_recall,overall_f1
ArrayStack,0.9941060903732809,1.0,0.9525547445255474,0.925531914893617,0.9578947368421052,0.8310502283105022,0.9753340184994861,0.94240317775571,
