class_fqn,param_precision,param_recall,return_precision,return_recall,throws_precision,throws_recall,overall_precision,overall_recall,overall_f1
ArrayStack,0.9941060903732809,1.0,0.9525547445255474,0.925531914893617,0.9526315789473684,0.8264840182648402,0.9743062692702981,0.9414101290963257,
