class_fqn,param_precision,param_recall,return_precision,return_recall,throws_precision,throws_recall,overall_precision,overall_recall,overall_f1
ArrayStack,0.9471544715447154,0.966804979253112,0.664,0.6535433070866141,0.9685863874345549,0.7872340425531915,0.9110225763612217,0.8186157517899761,
