class_fqn,param_precision,param_recall,return_precision,return_recall,throws_precision,throws_recall,overall_precision,overall_recall,overall_f1
ArrayStack,0.9948612538540597,0.9969104016477858,0.971841704718417,0.9674242424242424,0.9838187702265372,0.8624113475177305,0.9853017019082001,0.9631963700529367,
