class_fqn,param_precision,param_recall,return_precision,return_recall,throws_precision,throws_recall,overall_precision,overall_recall,overall_f1
ArrayStack,0.9912641315519013,0.9933058702368692,0.971841704718417,0.9674242424242424,0.9368932038834952,0.8212765957446808,0.9760185662712738,0.9541215023947568,
