class_fqn,param_precision,param_recall,return_precision,return_recall,throws_precision,throws_recall,overall_precision,overall_recall,overall_f1
ArrayStack,0.5465587044534413,0.5555555555555556,0.18446601941747573,0.6333333333333333,0.26229508196721313,0.21052631578947367,0.3565217391304348,0.45054945054945056,
