class_fqn,param_precision,param_recall,return_precision,return_recall,throws_precision,throws_recall,overall_precision,overall_recall,overall_f1
ArrayStack,0.5506072874493927,0.5596707818930041,0.18446601941747573,0.6333333333333333,0.4180327868852459,0.3355263157894737,0.391304347826087,0.4945054945054945,
