class_fqn,param_precision,param_recall,return_precision,return_recall,throws_precision,throws_recall,overall_precision,overall_recall,overall_f1
ArrayStack,0.9471544715447154,0.966804979253112,0.672,0.6614173228346457,0.9685863874345549,0.7872340425531915,0.9123505976095617,0.8198090692124105,
