class_fqn,param_precision,param_recall,return_precision,return_recall,throws_precision,throws_recall,overall_precision,overall_recall,overall_f1
AnnotationUtils,0.09580838323353294,0.7619047619047619,0.02358490566037736,0.5,0.29333333333333333,0.8148148148148148,0.09500805152979067,0.7468354430379747,
