class_fqn,param_precision,param_recall,return_precision,return_recall,throws_precision,throws_recall,overall_precision,overall_recall,overall_f1
ArrayStack,0.08790322580645162,0.9008264462809917,0.03745819397993311,0.4057971014492754,0.5655629139072847,0.9046610169491526,0.14820295983086682,0.8227699530516432,
