class_fqn,param_precision,param_recall,return_precision,return_recall,throws_precision,throws_recall,overall_precision,overall_recall,overall_f1
FunctionUtils,0.9945887445887446,0.9989130434782608,0.9890909090909091,0.9908925318761385,0.9442815249266863,0.817258883248731,0.9834710743801653,0.9581320450885669,
