class_fqn,param_precision,param_recall,return_precision,return_recall,throws_precision,throws_recall,overall_precision,overall_recall,overall_f1
ArraysMDE,0.0016155088852988692,0.16666666666666666,0.0,0.0,0.0821917808219178,0.2222222222222222,0.007128309572301426,0.09210526315789473,
