class_fqn,param_precision,param_recall,return_precision,return_recall,throws_precision,throws_recall,overall_precision,overall_recall,overall_f1
Graph,0.9886363636363636,1.0,0.9767441860465116,0.9545454545454546,0.9565217391304348,0.7333333333333333,0.9805194805194806,0.937888198757764,
