class_fqn,param_precision,param_recall,return_precision,return_recall,throws_precision,throws_recall,overall_precision,overall_recall,overall_f1
FunctionUtils,0.9180327868852459,0.9824561403508771,0.7391304347826086,0.7727272727272727,0.8689655172413793,0.6363636363636364,0.868995633187773,0.7184115523465704,
